﻿<?xml version="1.0" encoding="utf-8"?><frames><frame><vertices><vertex X="297" Y="157" /><vertex X="438" Y="157" /><vertex X="369" Y="90" /><vertex X="493" Y="254" /><vertex X="242" Y="250" /><vertex X="360" Y="344" /></vertices><edges><edge startX="242" startY="250" endX="493" endY="254" /><edge startX="297" startY="157" endX="438" endY="157" /><edge startX="369" startY="90" endX="360" endY="344" /></edges></frame><frame><vertices><vertex X="297" Y="157" /><vertex X="438" Y="157" /><vertex X="378" Y="247" /><vertex X="507" Y="246" /><vertex X="242" Y="250" /><vertex X="383" Y="318" /><vertex X="371" Y="130" /><vertex X="537" Y="156" /><vertex X="220" Y="174" /></vertices><edges><edge startX="297" startY="157" endX="242" endY="250" /><edge startX="297" startY="157" endX="378" endY="247" /><edge startX="378" startY="247" endX="438" endY="157" /><edge startX="438" startY="157" endX="507" endY="246" /><edge startX="507" startY="246" endX="383" endY="318" /><edge startX="383" startY="318" endX="242" endY="250" /></edges></frame><frame><vertices><vertex X="297" Y="157" /><vertex X="242" Y="250" /><vertex X="378" Y="247" /><vertex X="438" Y="157" /><vertex X="507" Y="246" /><vertex X="383" Y="318" /><vertex X="371" Y="130" /><vertex X="537" Y="156" /><vertex X="220" Y="174" /></vertices><edges><edge startX="297" startY="157" endX="242" endY="250" /><edge startX="297" startY="157" endX="378" endY="247" /><edge startX="378" startY="247" endX="438" endY="157" /><edge startX="438" startY="157" endX="507" endY="246" /></edges></frame><frame><vertices><vertex X="297" Y="157" /><vertex X="242" Y="250" /><vertex X="378" Y="247" /><vertex X="438" Y="157" /><vertex X="507" Y="246" /><vertex X="448" Y="275" /><vertex X="316" Y="279" /><vertex X="537" Y="156" /><vertex X="220" Y="174" /></vertices><edges><edge startX="297" startY="157" endX="242" endY="250" /><edge startX="297" startY="157" endX="378" endY="247" /><edge startX="378" startY="247" endX="438" endY="157" /><edge startX="438" startY="157" endX="507" endY="246" /><edge startX="316" startY="279" endX="448" endY="275" /></edges></frame></frames>